{
    "accuracy": 0.9591220119079357,
    "precision": 0.0,
    "recall": 0.0,
    "f1_score": 0.0,
    "roc_auc": 0.7074970089309094
}