{
    "accuracy": 0.9582333599928908,
    "precision": 0.0,
    "recall": 0.0,
    "f1_score": 0.0,
    "roc_auc": 0.7220719769692641
}