{
    "accuracy": 0.9624478442280946,
    "precision": 0.0,
    "recall": 0.0,
    "f1_score": 0.0,
    "roc_auc": 0.7222144814761736
}